Domain (FROM),Connection TO,Original Text,Proposed website text,Comments
LE Harvest Energy,LS Income and Work,"Jobs created for Glaswegians in clean energy

Potential impact on household bills unknown? Could eventually reduce fuel poverty.

Loss of jobs in the 'dirty' sector BEFORE jobs are replaced in the clean/green sector","Growth in local, renewable energy infrastructure can create sustainable jobs supporting income and work. However, some jobs may be lost in current energy industries before they are replaced in the green energy sector.  ",
LE Harvest Energy,LS Energy,"Increased energy security

Potential impact on household bills unknown?

More energy produced by renewable means will make renewable energy cheaper and cheaper? Feedback loop? LEARNING CURVES",Increasing energy produced by renewable means will improve energy security and drive down energy prices. ,
LE Harvest Energy,LS Health,"Reduced pollution from gas/wood burners etc. may improve air quality and therefore health (respiratory, cardiovascular)",,Leave out as not direct link (via cleanse the air)?
LE Harvest Energy,LS Social Equity,"Increased opportunity for community owned/managed energy sources, to provide more equitable access and oversight over this public/common good
BUT
Distribution and access to this renewable energy (and associated benefits) may not be equitable without specific 'Just Transition' policies re. access, training, financing, capacity building etc.",Opportunities for community owned and managed clean energy production could improve social equity if the necessary support is in place for equitable access (e.g. training and capacity building). ,
LE Harvest Energy,LS Culture,"Expensive green energy infrastructure could put pressure on other budgets e.g. Culture, Education",Expensive green energy infrastructure may put pressure on other local budgets including culture.,
LE Harvest Energy,LS Equality in Diversity,"Through education, could create new opportunities for women and girls who are underrepresented in engineering and tech disciplines.","New opportunities around renewable energy infrastructure could benefit women and girls, who are under-represented in engineering and technology disciplines, and improve equality and diversity. ",
LE Harvest Energy,LS Political Voice,Community-owned power can help democratise the power sector and be a boost for democratic engagement and political activism. (IF the local enfranchisement is supported by centralised (or centrally-resourced) capacity building),Community-owned energy may help democratise the power sector and support local political voice and engagement. ,
LE Harvest Energy,LS Community,"Shared models of energy/community owned and managed clean energy production, could bring members of a community together to act for a common good.",Opportunities for community owned and managed clean energy production can bring members of the community together.,
LE Harvest Energy,LS Education,"People in Glasgow can learn about new technologies e.g. heat pumps

Local schools and colleges become part of a sustainable pipeline delivering training and opportunities for Glasgow students to access new jobs in green energy.

Expensive green energy infrastructure could put pressure on other budgets e.g. Culture, Education","Growth in local, renewable energy infrastructure can create training opportunities, supporting education. However, expensive green energy infrastructure may put pressure on other local budgets, including education.",
LE Harvest Energy,LS Water,Renewable energy programs CAN support sustainable water management and conservation (which direction does this relationship go in?),Renewable energy programs can support sustainable fresh water management and conservation.,
LE Harvest Energy,LS Peace and Justice,"Increased political leverage for Glasgow/Scotland/UK on international stage

More energy security reduces our vulnerability to impacts of global conflicts ",,Better local energy security can support peace and justice by increasing Glasgow/Scotland’s political leverage and minimising its vulnerability to international conflicts. ? Leave out - more of a global impact than local?
LE Harvest Energy,LE Cleanse the Air,Reduced pollution from 'dirty' fuel sources e.g. wood burning stoves,"Harvesting clean energy could reduce air pollution from the use of wood-burning stoves, and burning fossil fuels.",
LE Harvest Energy,LE House Biodiversity,"Clean energy can improve air quality, reduce sound and light pollution, improving conditions for biodiversity",,Leave out as not direct link (via cleanse the air)?
LE Harvest Energy,GE Biodiversity Loss,"Clean energy can improve air quality, reduce sound and light pollution, improving conditions for biodiversity",,Leave out as not direct link (via cleanse the air)?
LE Harvest Energy,GE Ozone Layer Depletion,"?? (what does this mean?!)
Ozone Depletion: use of NH3 instead of HFCs as a refrigerant (could have unintended consequences?)",,??
LE Harvest Energy,GE Air Pollution,Reduced burning of fossil fuels will improve global air quality,Harvesting clean energy could reduce air pollution from burning fossil fuels.,
LE Harvest Energy,GE Ocean Acidification,"Reduced burning of fossil fuels will lower CO2 emissions, reducing the contribution to ocean acidification

Lower CO2/SO1 emissions = lower levels of acidification (or is this SO2, Sulphur Dioxide??)",Replacing fossil fuel energy by harvesting clean energy will reduce CO2 emissions contributing to ocean acidification.,
LE Harvest Energy,GE Climate Change,"Reduced burning of fossil fuels will lower CO2 emissions, reducing the contribution to climate change",Replacing fossil fuel energy by harvesting clean energy will reduce CO2 emissions contributing to climate change.,
LE Harvest Energy,GE Land Conversion,Demand for infrastructure materials and transition metals could have a damaging global material footprint,Demand for materials and transition metals for new energy infrastructure may result in land conversion and have a damaging global material footprint. ,
LE Harvest Energy,GE Fresh Water Withdrawal,Renewable energy programs CAN support sustainable water management and conservation,Renewable energy programs can support sustainable fresh water management and conservation.,
LE Harvest Energy,GE Chemical Pollution,"Demand for infrastructure materials and transition metals could have a damaging global material footprint

But, clean energy could reduce our reliance on harmful hydrocarbons e.g. Aldehydes

There are issues with components of 'clean' energy solutions e.g. toxicity of solar panels, batteries.
Concerns about where component materials are sourced from, and where they end up in the environment e.g. batteries, plastic, metal, component parts.","Demand for materials and transition metals for new energy infrastructure, and disposal of their waste products, may cause chemical pollution. ",
LE Harvest Energy,GS Peace and Justice,Reduced reliance on autocratic regimes and oil/gas extraction companies may limit the power of despots and warmongers ,Better local energy security can support peace and justice by increasing Glasgow/Scotland’s political leverage and minimising its vulnerability to international conflicts. ,
LE Harvest Energy,GS Health,Reduced pollution from burning hydrocarbons/fossil fuels may improve life expectancy worldwide (4.2 million deaths each year caused by ambient air pollution),,Leave out as not direct link (via cleanse the air)?
LE Harvest Energy,GS Food,Reducing effects of climate change (through this decarbonisation) may increase/stabilise food security in vulnerable regions,,Leave out as not direct link (via climate change)?
LE Harvest Energy,GS Income and Work,"Jobs in the mining/extraction industries may be dangerous/exploitative/rely on forced/child labour

BUT 'Increasing installed capacity has the extremely important positive consequence that it drives down the price and thereby makes renewable energy sources more attractive, earlier. In the coming years most of the additional demand for new electricity will come from low- and middle-income countries; we have the opportunity now to ensure that much of the new power supply will be provided by low-carbon sources.' (OWID)","Without transparent supply chains, work in the mining/extraction industry for materials required for renewable energy production may be dangerous or exploitative.",
LE Harvest Energy,GS Social Equity,"Global knowledge exchange could provide insight/information from these schemes to benefit communities elsewhere

WASTE: Concerns about where component materials are sourced from, and where they end up in the environment e.g. batteries, plastic, metal, component parts. ","Global knowledge exchange could support communities elsewhere to benefit from harvesting energy, increasing global social equity. However, transparent supply chains and waste management processes for energy harvesting solutions are needed to preserve social equity.",
LE Harvest Energy,GS Energy,"Increased capacity for renewable energy capture and storage will bring overall prices down - benefit could be felt elsewhere (feedback loop)

Learning Curves: with each doubling of cumulative installed capacity, the price decreases by same fraction",,Increasing energy produced by renewable means will improve energy security and drive down energy prices. ?is this global or local effect?
LE Cleanse the Air,LS Income and Work,Could be some cost barriers to active travel e.g. buying bikes or upgrading to low emission vehicles/EVs,,"? Should this be reversed, e.g. Costs of active travel (e.g. buying bikes) or upgrading to low emission or electric vehicles may be barriers to initiatives to reduce air pollution."
LE Cleanse the Air,LS Health,"Active Travel is good for physical health e.g. cardiovascular, respiratory, reducing overweight. LEZs and Urban Greening will improve air quality (and toxic air is harmful to every organ in the body), so also good for cardiovascular and respiratory health","Reducing air pollution through increased urban greening, active travel infrastructure and low emission zones could improve health (e.g. respiratory and cardiovascular).",
LE Cleanse the Air,LS Mobility,Active travel initiatives could improve options for mobility and getting around the city to access other opportunities,Initiatives to reduce air pollution through increased active travel and cleaner public transport options could increase options for mobility.,
LE Cleanse the Air,LE Store Carbon,Urban greening intended to cleanse the air will also store carbon,Green and blue urban infrastructure intended to reduce air pollution will also help store carbon.,
LE Cleanse the Air,LE Enhance Wellbeing,More greenery = good for wellbeing/life satisfaction,Green and blue urban infrastructure intended to reduce air pollution will also enhance wellbeing.,
LE Cleanse the Air,LE Regulate the Temperature,Urban greening intended to cleanse the air will also help to regulate the temperature,Green and blue urban infrastructure intended to reduce air pollution will also help regulate the temperature.,
LE Cleanse the Air,LE House Biodiversity,Reduced Air Pollution will have positive impact on species abundance,Reducing air pollution could also improve conditions for species abundance and protect biodiversity.,
LE Cleanse the Air,GE Biodiversity Loss,Reduced Air Pollution will have positive impact on species abundance,Reducing air pollution could also improve conditions for species abundance and protect biodiversity.,
LE Cleanse the Air,GE Air Pollution,"Less pollutants released (Particulate Matter, Nitrogen Dioxide) into the atmosphere",Local reductions in air pollution will contribute to global reductions in atmospheric pollutants.,
LE Cleanse the Air,GE Climate Change,"Some question about removing aerosols from the air and their 'cooling' properties - some trade-offs/slowdown in halting climate change?
https://www.nature.com/articles/s41586-019-1554-z",Green and blue urban infrastructure intended to reduce air pollution will also help reduce climate change.,
LE Enhance Wellbeing,LS Income and Work,Job and volunteering opportunities created in this sustainable sector,Involvement in the upkeep and stewardship of green and blue spaces that enhance wellbeing may provide opportunities for income and work and volunteering.  ,
LE Enhance Wellbeing,LS Health,Green spaces for physical exercise and community togetherness have both physical and mental health benefits,Glasgow's open spaces can support mental and physical health when used for leisure and as 'green gyms’.,
LE Enhance Wellbeing,LS Social Equity,Important sites for inclusivity - parks should be free and open to all Glaswegians,"If Glasgow's parks are inclusive, accessible spaces they can support social equity.",
LE Enhance Wellbeing,LS Equality in Diversity,,"If Glasgow's parks are inclusive, accessible spaces they can promote equality in diversity. ",
LE Enhance Wellbeing,LS Culture,"Parks support accessible, inclusive venues for cultural activities e.g. open air theatre","Glasgow's green spaces can support accessible and inclusive venues for cultural activities, for example, open air theatre.",
LE Enhance Wellbeing,LS Community,Public parks and green spaces offer places for the community to come together and build ties,The local community could have the opportunity to be involved in the upkeep and stewardship of green and blue spaces that enhance wellbeing.,
LE Enhance Wellbeing,LS Food,"Community kitchen gardens, allotments, growing in parks etc. can support affordable, local food supply",Glasgow's green spaces can provide opportunities for local food growing initiatives.,
LE Enhance Wellbeing,LE Store Carbon,Sites (e.g. VDL) redesigned for community benefit could also feature CCS design features,Redesign of green and blue spaces for community benefits and to enhance wellbeing could also feature carbon capture and storage solutions.,
LE Enhance Wellbeing,LE Regulate the Temperature,Botanical Gardens have been shown to be efficient urban cooling infrastructure,Parks and other green and blue spaces designed to enhance wellbeing can also help to regulate the temperature.,
LE Cycle Water,LS Energy,"Sustainable drainage design will reduce energy required (and associated emissions) from surface water pumping, wastewater pumping/treatment",Sustainable drainage design will reduce the energy required for surface water pumping and waste water pumping and treatment.,
LE Cycle Water,LS Health,"Not SUDS but relationship between cleaning up overflow/sewage discharge etc. and health? High levels of harmful pathogens/bacteria in untreated sewage.

Clean up/regeneration of canals (e.g. in north Glasgow) linked with lower risk of NCDs and protective factor against mental ill health

Need to be careful/knowledgeable in implementation to ensure no health risks e.g. from bacteria or pollutants",Proper treatment of potentially contaminated water prior to reuse can have positive health impacts (e.g. reduce bacterial illnesses). ,
LE Cycle Water,LS Community,Social spaces with sense of community created e.g. along the banks of regenerated canals/rivers ,,"? Leave out, is this relevant to water cycling?"
LE Cycle Water,LS Water,"Rainwater harvesting can reduce mains water usage (by 50%?)

Improved water security (mitigation action becomes adaptation measure) - more water in reserve for extreme heat/drought events",Rainwater harvesting can reduce mains water usage and therefore improve water security. ,
LE Cycle Water,LS Income and Work,"Reduced water bills for households? (Not necessarily - read the studies)
BUT
Some equipment e.g. installing the gear to flush toilets with grey water is expensive",Costs of installing new equipment in homes to allow reuse of grey water can be expensive and may not be affordable to those on lower income.,
LE Cycle Water,LS Mobility,Prevention of flooding will reduce potential disruption to transport and travel routes,Water management to prepare for and prevent flooding can support mobility by reducing potential disruption to transport and travel routes.,
LE Cycle Water,LS Housing, ,Water management to prepare for and prevent flooding can help to protect housing from water damage.,
LE Cycle Water,LE Store Carbon,SUDS incorporating vegetation can act as carbon storage,Sustainable urban drainage systems (SUDS) involving vegetation can act as carbon capture and storage solutions.,
LE Cycle Water,LE Regulate the Temperature,"Micro scale 'Blue' infrastructure (part of GBGI infrastructure) can work as a cooling tool during heatwaves e.g. in parks, wetlands","Blue' space infrastructure (e.g. in parks, wetlands) can help to regulate the temperature during heat waves.",
LE Cycle Water,LE Build and Protect Soil,"Harvesting rainwater prevents excessive runoff, reducing soil erosion and associated nutrient loss. It helps to maintain soil structure, fertility, and long-term agricultural productivity. Rainwater is free of salts, chemicals, and pollutants, providing healthier water for plants.","Harvesting rainwater can prevent excessive run-off, reducing soil erosion and nutrient loss.",
LE Cycle Water,LE House Biodiversity,"Flood collection points created along the waterways provide new habitats for wildlife and biodiversity

No more sewage discharge would reduce algal blooms which kill other plants and animals

Sustainable water management practices can protect habitats along riverbeds etc. and the various species (animal and plant) that live there",Sustainable water management practices can create healthy river corridors that are better able to house biodiversity. ,
LE Cycle Water,LE Cleanse the Air,Planting marsh and trees to reduce flood risk will have positive impact on air quality,Planting marsh and trees as flood protection measures may help cleanse the air. ,
LE Cycle Water,GE Ocean Acidification,"Capturing CO2 in urban design vegetation can reduce amount released into atmosphere, that causes ocean acidification",,? Not sure what this has to do with cycling water?
LE Cycle Water,GE Climate Change,SUDS involving vegetation that act as carbon capture and storage can reduce contribution to climate change,,Leave out - action via carbon storage (see above) rather than direct?
LE Cycle Water,GE Excessive Fertilizer Use,"Sustainable drainage practices along the Clyde and prevention of sewage overflow can reduce fertiliser runoff

Rainwater harvesting can reduce fertilizer runoff
BUT
Some risk of grey water sources containing nitrogen/phosphorus - don't want to unleash these into the land",Sustainable urban drainage systems (SUDS) can reduce the runoff of excessive fertilizer use. Proper treatment of grey water sources that contain nitrogen and phosphorus due to excessive fertilizer use will reduce the harms caused by releasing this water into the land (e.g. through algal blooms). ,
LE Cycle Water,GE Chemical Pollution,"SUDS protect the water system from microplastic pollution and other chemicals
Reduced chemical treatment of water that doesn’t need it (e.g. currently we use drinking quality water to flush toilets)",Sustainable urban drainage systems (SUDS) create permeable surfaces to reduce chemical pollution via run-off.,
LE Cycle Water,GE Fresh Water Withdrawal,Less fresh (blue) water withdrawn when reused (grey) water will suffice e.g. for gardening ,Freshwater withdrawals can be reduced by making efficient use of untreated (grey) water.,
LE Store Carbon,LS Income and Work,"Could create green jobs in many sectors through large-scale decarbonisation initiatives and infrastructure

Could transform VDL sites into space of employment and productivity","Green jobs could be created through large-scale decarbonisation and carbon capture and storage infrastructure, boosting income and work.",
LE Store Carbon,LS Health,"Air quality improves = good for health

Remediation of polluted VDL sites could reduce toxic materials and heavy metals in the ground that are a health hazard",Regenerating vacant and derelict land for carbon storage could harness positive health co-benefits by removing toxins and heavy metals from the ground. ,
LE Store Carbon,LS Social Equity,"Targeting remedial action (e.g. transformation of VDL sites) could primarily improve deprived areas, reducing spatial inequalities","Remediating vacant and derelict land for carbon storage can help improve social equity, as sites are usually in deprived areas.",
LE Store Carbon,LS Community,Opportunity to improve community engagement with VDL sites and transform them in partnership/consideration with community priorities,Regenerating vacant and derelict land for carbon storage could transform these sites into places for community activity and connection.,
LE Store Carbon,LS Housing,WP5: storing carbon in VDL sites could create building materials that could then be used for housing construction,Using carbon capture and storage technology to create building materials can support housing activity.,
LE Store Carbon,LE Cleanse the Air,"Urban greening intended to store carbon will also help cleanse the air, can store additional pollutants

WP3 CCS:
Process uses fumes that would otherwise go into the Glasgow atmosphere as a pollutant, so through CCS we will divert pollution from the air and neutralise it.
The gases needed for the remediation process will come from local emitters, so will not add to air pollution through transportation.
Will reduce the current high risk of soil contaminants coming out of the ground into the air. The risk of this is especially high in dry conditions, and people using the site (e.g. dogwalkers, children playing) are unlikely to be aware of it. The CCS process will 'lock up' this pollution.","Urban greening and other methods to store carbon will also remove other pollutants, helping to cleanse the air.",
LE Store Carbon,LE Enhance Wellbeing,More greenery = good for wellbeing,"Increasing urban greening, and regenerating vacant and derelict land for carbon storage could transform these sites into places for recreation to enhance wellbeing.",
LE Store Carbon,LE Regulate the Temperature,Urban greening intended to store carbon will also help to regulate the temperature,Increasing urban greening to store carbon can also regulate the temperature. ,
LE Store Carbon,LE Cycle Water,"CCS removing contaminants that might otherwise enter the water system will improve quality of water, allowing ecosystems and biodiversity to thrive

CCS Process could change the hydrological cycle, and so restore healthy soil that can effectively filter water, allowing more biodiversity to grow and thrive.",Carbon capture and storage removes contaminants that might otherwise enter the water system and will improve the quality of water.,
LE Store Carbon,LE Build and Protect Soil,"WP3 - The formation of crystals (by entrapment of contaminants) could create healthy soil that can be used for biomass growth, and further carbon sequestration.

CCS Process could change the hydrological cycle, and so restore healthy soil that can effectively filter water, allowing more biodiversity to grow and thrive.",Carbon capture and storage solutions can help to  protect soil by removing toxins,
LE Store Carbon,LE House Biodiversity,"VDL sites often host rare species - some projects could work to protect them, but remediation could also be a risk to some of their unique habitats

But, decontaminating sites could create enabling conditions for more biodiversity to be planted/introduced (in partnership with other GALLANT WPs, e.g. WP2?)

CCS Process could change the hydrological cycle, and so restore healthy soil that can effectively filter water, allowing more biodiversity to grow and thrive.","Remediation of vacant and derelict land for carbon capture may risk existing biodiversity in these unique habitats, but could also provide enabling conditions for alternative species.",
LE Store Carbon,GE Ocean Acidification,Reducing atmospheric CO2 emissions will reduce ocean acidification (it is caused by increasing CO2),Reducing atmospheric carbon emissions will reduce contributions to ocean acidification.,
LE Store Carbon,GE Climate Change,"storing more carbon will prevent it being released into the atmosphere, reducing the contribution to climate change",Reducing atmospheric carbon emissions will reduce contributions to climate change.,
LE Store Carbon,GE Land Conversion,"Carbon Sequestration will enable the re-conversion/re-purposing of land that has already been converted or contaminated.
Making derelict land useful again may reduce need to convert further land for human purposes, so can preserve more of nature.

Will open up more possibilities for the future of these sites, and can learn from the historical uses of these sites what to recreate or not recreate (with WS2) - sharing this knowledge globally",Using vacant and derelict land for carbon capture and storage will enable re-purposing of this land and reduce the need for further land conversion for human purposes.,
LE Store Carbon,GE Chemical Pollution,"Waste management as part of CCS could reduce further/future chemical pollution, preventing this waste from being released.

Remediating VDL and removing chemical/toxins from the ground could have additional global benefit through knowledge sharing and influence",Waste management as part of carbon storage solutions could reduce chemical pollution.,
LE Regulate the Temperature,LS Health,"Trees and other green/blue spaces to keep Glasgow cool would reduce risk of Glasgow becoming an Urban Heat Island, with increased risk of deaths and illness from overheating","Measures to regulate the temperature within Glasgow such as creating green and blue spaces, will minimise the risk of urban heat island effect during heat waves and its associated health harms e.g. stroke, overheating.",
LE Regulate the Temperature,LE Enhance Wellbeing,"More greenery = good for wellbeing, more accessible blue space = good for wellbeing","Green and blue spaces created to regulate the temperature can also be used for leisure and physical activity, which will enhance wellbeing. ",
LE Regulate the Temperature,LE House Biodiversity,Text from LE summary,Green and blue spaces created to regulate the temperature could help to house biodiversity. ,
LE Regulate the Temperature,LE Store Carbon,Text from LE summary,Green and blue spaces created to regulate the temperature could help to store carbon.,
LE Regulate the Temperature,GE Climate Change,Text from LE summary,Regulating the temperature and reducing the amount of atmospheric heat released from Glasgow will also reduce its contribution to climate change.,
LE House Biodiversity,LS Income and Work,"Could create jobs e.g. biodiversity advocates in communities, companies will be looking for 'sustainability' managers
'Ecosystem managers' to manage biodiverse habitats will be needed (job creation)

Tourism could grow e.g. through increased presence of otters. Biodiversity loss leads to lesser attractiveness of Glasgow","Rewilding and replanting initiatives that increase biodiversity could support sustainable job creation to develop and maintain these areas, positively impacting income and work, as well as attracting tourists to Glasgow to support job creation in this sector.",
LE House Biodiversity,LS Health,"Communities with more biodiversity are more resistant to disease and illness e.g. pandemics (would this apply in Glasgow?)

Improved green and blue space will have direct positive impacts on mental health
Spaces available for community food growing and social connections - positive for mental health and wellbeing
More spaces created that can be used for active travel - direct positive impacts on physical health
Reduced pollution
Urban cool microclimate
Possible negative impacts: increasing parasite loads with improved biodiversity e.g. ticks could lead to zoonotic diseases (Lyme Disease, Weil's Disease etc.)
More invasive species e.g. giant hogweed
Risks of disease spread from rats or pigeons","Initiatives that increase biodiversity through improved blue and green space will have a positive impact on health through benefits to mental health and providing space for physical activity. However, there is potential for negative health effects if new species or wildlife habitats bring parasites or more opportunities for disease spread. Increased allergens are possible from some plant life.",
LE House Biodiversity,LS Community,Spaces available for community food growing and social connections - positive for mental health and wellbeing,"Rewilding and replanting initiatives that increase biodiversity, such as local species reintroduction, could provide opportunities for community benefit through inclusive participation. ",
LE House Biodiversity,LS Education,"Good opportunity for education, involving schools and youth groups in rewilding etc.","Rewilding and replanting initiatives that increase biodiversity, such as local species reintroduction, could involve local schools and youth groups and can provide important education opportunities. ",
LE House Biodiversity,LS Food,"Pollinators/worms etc. essential for food production
more biodiversity leads to more pollinators which are essential for food security - the benefits of this could also spill over into rural areas

Improved biodiversity of sites may offer opportunities for human foraging e.g. berries, fungi","More biodiversity supports pollinators and worms, which are essential for food security.",
LE House Biodiversity,LS Housing,"Biodiversity protection work could influence housing and construction design i.e. promote designs that are good for biodiversity

Biodiversity Net Gain",Biodiversity protection work could inform the design of new housing sites so they can support greater local biodiversity.,
LE House Biodiversity,LE Store Carbon,"Restoration of biodiverse sites including carbon sinks around Glasgow (e.g. wetlands, peatlands and Kelp forests) will capture CO2 and keep it in the ground",Increased biodiversity of plants can store carbon.,
LE House Biodiversity,LE Cleanse the Air,More plant biodiversity has air cleansing potential,Increased biodiversity of plants can cleanse the air.,
LE House Biodiversity,LE Enhance Wellbeing,Spaces available for community food growing and social connections - positive for mental health and wellbeing,"Initiatives that increase biodiversity through improved blue and green space can enhance wellbeing,  by providing spaces for leisure and opportunities for social connection.",
LE House Biodiversity,LE Regulate the Temperature,More biodiversity could protect against Heat Island effects,Increased biodiversity of plants can help to regulate the temperature.,
LE House Biodiversity,LE Cycle Water,"Habitat improvement allows for more water retention, also reduces flood risk",Increased biodiversity of plants can support efficient cycling of water and reduce flood risks.,
LE House Biodiversity,LE Build and Protect Soil,"Increased biodiversity along waterways e.g. mudflats can stabilise/bind soil and prevent soil erosion (does Glasgow have mudflats or are they just coastal?)

Regenerating VDL for biodiversity could replenish soil nutrients","More biodiversity supports pollinators and worms, which can contribute to building and protecting soil health, and stabilising/binding soil through habitat restoration can prevent soil erosion. ",
LE House Biodiversity,LE House Biodiversity,Increasing habitat corridors etc. with goal of housing biodiversity could ALSO have unintended consequence of inviting more invasive species (putting native species at risk),,Leave out - hard to show connection to same dimension
LE House Biodiversity,GE Biodiversity Loss,Can halt/reverse damage to wildlife populations e.g. reintroducing insects where algae has wiped them out can bring back food supply for fish,Increasing biodiversity locally has the potential to reverse damage to global wildlife populations.,
LE House Biodiversity,GE Air Pollution,More biodiversity has air cleansing potential,Increased biodiversity of plants can reduce air pollution.,
LE House Biodiversity,GE Climate Change,"More biodiversity can contribute to temperature regulation, reducing contribution to temperature rises",,"Increased biodiversity can help to regulate the temperature, reducing contributions to climate change. ? Leave out as via regulate temperature?"
LE House Biodiversity,GE Excessive Fertilizer Use,"Habitat improvement and increased biodiversity along waterways e.g. mudflats can stabilise/bind soil and prevent soil erosion, and accompanying nutrient runoff",Stabilising and binding soil through habitat restoration to increase biodiversity can prevent nutrient runoff from excessive fertilizer use.,
LE Build and Protect Soil,LS Health,"Nutritional quality of food is impacted by soil quality/nutrient richness. Also conditions of livestock farming e.g. antibiotic resistance?

Decontamination of soil = removal of toxins and pollutants that are bad for health

WP3: This process will lock in harmful contaminants that would otherwise end up in the water systems and could be consumed by people in many ways e.g. drinking water, farming systems, in fish.
There are many mental and physical illnesses associated with the accumulation of heavy metals in the body.
This process will reduce the risk of inhaling dust and contaminants that come from the polluted ground during dry periods.
For wellbeing, it is harmful to live near, or regularly see, neglected or polluted sites. This process may make these sites less harmful.","Keeping soils free from toxins supports good health, preventing diseases associated with inhaling dust and contaminants from polluted ground during dry periods.",
LE Build and Protect Soil,LS Social Equity,VDL transformation: Focussing on sites that are in deprived areas (high levels of VDL in deprived areas = existing injustice) so could improve the conditions of neglected communities,"Decontaminating vacant and derelict land may improve social equity, as the majority of sites are in deprived neighbourhoods.",
LE Build and Protect Soil,LS Culture,Links to culture and heritage through preservation of SSSIs (Sites of Special Scientific Interest),Regeneration of vacant and derelict land could preserve heritage and culture through conserving Sites of Special Scientific Interest (SSIs).,
LE Build and Protect Soil,LS Political Voice,Could bring in community democratic oversight re. how to use previously neglected land,Decisions on new uses for vacant and derelict land could be directed by community voices.,
LE Build and Protect Soil,LS Community,Create spaces for community togetherness (in remedy of sites that have been exclusionary due to poor quality of soil/toxic contamination),Putting vacant and derelict land into productive use may have community and social benefits.,
LE Build and Protect Soil,LS Education,"WP3: For the scientific community: will be publishing and sharing the research on new scientific techniques (papers, conferences etc.)
'Public Education' may be possible here too (with WS2) to consider experiential learning etc.",,Leave out - not relevant connection?
LE Build and Protect Soil,LS Food,"Quality of food impacted by soil quality and health (nutrient depletion etc.)

Restoring or decontaminating land, encouraging more biodiversity/pollinators,  could open up opportunities for local growing initiatives/allotments etc.

Removing contaminants from soil and water will prevent them from ending up in our crops/fish","Soil quality impacts the abundance and nutritional quality of food, and restoring contaminated land could open opportunities for local growing initiatives and allotments.",
LE Build and Protect Soil,LE House Biodiversity,"Restoring or decontaminating land, encouraging more biodiversity/pollinators,  could open up opportunities for local growing initiatives/allotments etc.",Preserving good quality soil supports biodiversity and pollinators.,
LE Build and Protect Soil,LE Enhance Wellbeing,"For wellbeing, it is harmful to live near, or regularly see, neglected or polluted sites. This process may make these sites less harmful.","Decontaminating vacant and derelict land sites may have beneficial psychological effects for people who live near them, enhancing wellbeing. ",
LE Build and Protect Soil,LE Cycle Water,"Reducing contamination levels in the soil will lead to fewer contaminants entering the underground water systems, rivers, and sea systems.
Soil is a very important filter for hydrological systems, but chemical pollutants prevent good filtering and can displace matter.
Contamination (reducing organic matter leading to reduced soil function) can lead to an increase in localised flooding (link with WP1 here).
Risks to be aware of/monitored here: carbon sequestration process could possibly lead to increased flooding too - need to understand where the mineral will form, and could it block water flows?","Improving soil quality makes it more effective at filtration, increasing its ability to cycle water, and reducing soil pollution reduces the risks of contaminating water systems with toxins.  ",
LS Mobility,LS Income and Work,"Maintenance of bicycles and scooters etc. is cheaper than fossil fuel travel.
Cheaper associated running costs for bicycles, scooters e.g. insurance","Better connected networks and neighbourhoods through active travel routes and green public transport can provide access to more work opportunities. Costs of walking or running bikes and scooters (e.g. maintenance, insurance) are lower than running private cars, which may benefit income.",
LS Mobility,LS Health,"Reduced use of private cars and decarbonised public transport will improve air quality in the city and reduce illness/death associated with air pollution

Better opportunity for active travel can generate physical and mental health benefits

Lower levels of traffic could result in fewer RTAs

Improved mobility and transport options could also improve access to health care services","Active travel can be beneficial for physical and mental health, and reduced traffic levels could reduce road traffic accidents. Improved mobility and transport options can improve access to health care services.",
LS Mobility,LS Social Equity,"Manner of implementation, design, location, costs etc. will determine impacts on equity. Current transport system in Glasgow is highly inequitable. Costs of decarbonising private vehicles will not be equally felt without specific policy interventions.

Accessible active travel options can be empowering, giving individuals more agency and choice to travel under their own steam.","Reducing social, physical, cultural and monetary barriers to activities such as cycling will positively impact social equity.",
LS Mobility,LS Equality in Diversity,"Gender equality: Making active travel an opportunity for all, including groups such as Asian women, while also making communities and streets safer (fewer cars) for all people, especially women who might be reluctant to walk or cycle (alone or with their children) in heavy traffic neighbourhoods

Some AT infrastructure could risk leaving some people with limited mobility feeling trapped or excluded.
BUT
Better AT infrastructure and adapted equipment may support disabled people to increase AT participation.","Reducing social, physical, cultural and monetary barriers to activities such as cycling will positively impact equality in diversity.",
LS Mobility,LS Political Voice,"More AT may lead to increased sense of community cohesion and belonging, leading to more opportunities for collective action.",,? Leave out as via community cohesion?
LS Mobility,LS Community,"Easier connections across networks, and social interactions as part of AT participation could provide more access to opportunities, boost social bonds, and reduce loneliness and isolation

Networks: Mobility within the local community could link further to other active travel networks, making networks bigger overall",Better connected networks and neighbourhoods through active travel routes and green public transport can strengthen community ties.,
LS Mobility,LS Education,"Travelling to school using active methods can improve children's readiness to learn (improving mood and concentration)

More active travel could lead to communities and schools offering bike education.
Better bike education leads to improved skills and road safety awareness/knowledge.
Increased and alternative transport options available to access education.",Better connected networks and neighbourhoods through active travel routes and green public transport can provide access to more education opportunities. Travelling to school via active methods can improve children's readiness to learn.,
LS Mobility,LS Peace and Justice,"More people visible within the community could lead to increased feelings of safety and lower levels of crime.
Increased AT may lead to higher demand for improved lighting, making routes safer, and enabling more AT.
Some AT infrastructure might provide spaces that would be used for antisocial behaviour e.g. benches.","Travel infrastructure designed with safety and inclusivity in mind e.g. well-lit paths, could lead to reduced crime, supporting peace and justice.  ",
LS Mobility,LS Food,"Increased AT and more AT within 20 minute neighbourhoods could lead to:
increased demand for local food outlets
more quality food available locally
more frequent, smaller shopping trips
reduced food waste
fewer food deserts ","Better connected networks and neighbourhoods through active travel routes can provide more local opportunities to access goods such as nutritious food, and increase the demand for local food outlets. ",
LS Mobility,LE Harvest Energy,"Energy: Could active travel practices generate energy? E.g. walking, cycling, travelling over bridges (links to WP5)

Possibility to harness kinetic energy through novel active travel interventions e.g. from bridge vibrations? (piezoelectric energy harvesters)", There is the potential to harvest kinetic energy from active travel.,
LS Mobility,LE Cleanse the Air,"Reduced use of carbonised transport and private cars will improve air quality
Reduced particulate matter from vehicle emissions.
Reduced CO2, CO, NO2, benzene, formaldehyde and others from vehicle emissions.
Reduced air pollutants from lower levels of manufacturing vehicles.

To consider: noise pollution separately from air pollution.",Reducing carbonised transport methods will reduce emissions and improve air quality.,
LS Mobility,LE House Biodiversity,"High quality urban design could introduce biodiversity as part of/alongside travel routes e.g. greening tram tracks, hedgerows along cycle/walking paths, biodiverse 'planters' that are also bike storage.

Prioritising biodiversity in urban design rather than roads should reduce number of road kills

Lower emissions from vehicles will be beneficial for biodiversity and habitats","Biodiversity could be increased by designing new and regenerated travel routes to support wildlife, for example, greening tram tracks or adding hedgerows along cycling or walking paths.",
LS Mobility,GE Ozone Layer Depletion,?? Possibility of generating fewer Ozone depleting chemicals due to reduced use of polluting vehicles (not sure vehicle emissions are specifically bad for ozone?),,"?leave out, not a clear link?"
LS Mobility,GE Air Pollution,"Decarbonised public transport will improve air quality in the city and reduce illness/death associated with air pollution

BUT pollution during manufacturing processes (e.g. of EVs) could increase",Greener transport methods and increased active travel can reduce global air pollution through a reduction in transport and car manufacturing emissions. ,
LS Mobility,GE Climate Change,"More active travel will lead to reduced levels of CO2, CO, NO2, Benzene and others.
Reduced manufacturing of cars, leading to lower consumption of materials, and fewer gases produced during manufacturing of vehicles that contribute to climate change.",Greener transport methods and increased active travel can reduce climate change through a reduction in transport and car manufacturing emissions. ,
LS Mobility,GE Land Conversion,"Demand for transition materials could lead to new land conversion/mining etc.

Locally, WP5: Land Conversion (and biodiversity loss): could design Active Travel infrastructure in ways that repair and restore converted/damaged land (with WP3)
WP4: Reduced car use = less need for roads. Less land is required for active travel infrastructure compared to roads, and the process of installing AT infrastructure is less invasive.",The demand for new materials to support the transition to electric transport may cause land conversion globally.,
LS Mobility,GE Chemical Pollution,"Potential harmful pollution from increased use/discarding of batteries (e.g. for EVs)
OR
Lower levels of production of car batteries and heavy metals will mean less chemical waste to be disposed of.
(depending on whether active travel becomes dominant, or electrified transport?)

Reduced disposal of used oil will lead to lower levels of chemical pollution.

Reduced demand for raw materials. ",The transition to electric transport may increase chemical pollution from the increased use and poor disposal of batteries. Increased active travel over car use may reduce the demand for batteries and heavy metals that could cause chemical pollution.,
LS Mobility,GS Health,"Global extraction of materials/metals needed to decarbonise transport sector could have health harms e.g. unsafe mining

Reduced pollutants from fossil fuel vehicles will improve air quality, reducing Glasgow's contribution to health risks and deaths from air pollution",The demand for materials to support the transition to electric transport may cause health harm through working conditions in industries such as mining.,
LS Mobility,GS Income and Work,Jobs in mineral/metal/material extraction could be unsafe/exploitative,The demand for materials to support the transition to electric transport may cause harm through poor working conditions in industries such as mining.,
LS Housing,LS Income and Work,Residents could be left with more of their incomes if new housing stock is affordable,Creating more affordable new housing will increase the amount of income people have available to spend on other things. ,
LS Housing,LS Health,Opportunities for 'health net gain' in new developments (ref Caglar's paper),Higher quality and warm housing supports good health.,
LS Housing,LS Community,Improved community networks if housing is build where it is most needed,Community networks can be improved if housing is built where it is most needed.,
LS Housing,LS Energy,,"Well-insulated, energy efficient housing will minimise domestic energy use for heating.",
LS Housing,LS Mobility,"Housing will require improved storage for bikes and other Active Travel equipment/materials.
Existing housing stock will need to be adapted to ensure adequate provision.
Could increase connectivity between houses through AT infrastructure, leading to further increases in AT.",To encourage active travel housing could be adapted to include improved storage for bikes and other active travel equipment.,
LS Housing,LE Harvest Energy,New build design could include solar panels etc.,New housing developments could include solar panels to harvest energy.,
LS Housing,LE Cleanse the Air,Construction process could lead to pollutants being released in the air,Construction of new housing developments should be planned to minimise the amount of pollutants being released into the air.,
LS Housing,LE Enhance Wellbeing,"New housing sites could lead to loss of valuable greenspace, with its wellbeing benefits","New housing developments could lead to the loss of green space, and the wellbeing benefits these spaces bring.",
LS Housing,LE Cycle Water,Could impact ability of built-on areas to cycle water,Plans for new housing sites need to consider how they can support urban spaces to cycle water.,
LS Housing,LE Build and Protect Soil,Could deplete soil nutrients,New housing sites could deplete soil nutrients.,
LS Housing,LE House Biodiversity,Ensure Biodiversity Net Gain (BNG) on any new development (Scottish equivalent),New housing developments should be designed to support biodiversity net gain. There is a risk of loss of biodiversity if housing sites are built on biodiverse land.,
LS Housing,GE Biodiversity Loss,Risk of unsustainable land conversion if housing is built on untouched or biodiverse land,There is a risk of loss of biodiversity if housing sites are built on biodiverse land.,
LS Housing,GE Air Pollution,Construction process could lead to pollutants in the air,Construction of new housing developments should be planned to minimise the amount of pollutants being released into the air.,
LS Housing,GE Ocean Acidification,Construction sector highly responsible for emissions that cause ocean acidification,"Reducing or replacing fossil-fuel powered heating in homes will reduce the ocean acidification caused by greenhouse gas emissions. However, the construction sector is a large contributor to these emissions, which must be accounted for when planning new build/retrofitting housing. ",
LS Housing,GE Climate Change,Construction sector highly responsible for emissions that cause climate change,"Reducing or replacing fossil-fuel powered heating in homes will reduce the climate change caused by greenhouse gas emissions. However, the construction sector is a large contributor to these emissions, which must be accounted for when planning new build/retrofitting housing. ",
LS Housing,GE Land Conversion,Risk of unsustainable land conversion if housing is built on untouched or biodiverse land,New housing developments risk unsustainable land conversion.,
LS Housing,LS Income and Work,"Better insulation leads to more efficient use of heating, likely reducing energy bills",,Included in energy above
LS Housing,LS Energy,energy efficiency of housing impacts the amount of energy needed,,See above
LS Housing,LS Health,"Warmer homes will result in fewer health conditions directly caused by cold, damp and mouldy housing

Reduced costs will minimise stress and mental health issues exacerbated by unaffordable bills",,See above - link to mental health via income and work
LS Housing,LS Social Equity,Targeted retrofit (modernising the houses that need it most) could reduce housing and health related inequalities,Targeted retrofit of the houses that need this most could increase social equity.,
LS Housing,LS Mobility,"Housing will require improved storage for bikes and other Active Travel equipment/materials.
Existing housing stock will need to be adapted to ensure adequate provision.
Could increase connectivity between houses through AT infrastructure, leading to further increases in AT.",,See above
LS Housing,LE Harvest Energy,Retrofit design could include solar panels etc.,,See above
LS Housing,LE Cleanse the Air,Reduction in need for dirty energy could lead to fewer pollutants being released in the air,,See above
LS Housing,GE Air Pollution,Reduction in need for dirty energy could lead to fewer pollutants being released in the air,,See above
LS Housing,GE Climate Change,"Better insulation leads to more efficient (therefore reduced) use of heating and fuel, reducing the need for the fossil fuel energy, that drives climate change",,See above
LS Culture,LS Income and Work,Cultural industries can support long-term job creation in rewarding and socially valuable sectors,"Cultural industries can support long-term job creation in rewarding and socially valuable sectors, supporting income and work.",
LS Culture,LS Health,,Cultural activities are important for wellbeing and can support good mental health. ,
LS Culture,LS Equality in Diversity,"Cultural events can promote diversity and inclusion, using creative and innovative methods to amplify marginalised voices ","Cultural events can promote equality in diversity and inclusion, using creative and innovative methods to amplify marginalised voices. ",
LS Culture,LS Political Voice,"Can bring citizens into just transition process and amplify their voices (democratic voice)

Spaces for different voices to be heard are created and protected, using different methods of engagement e.g. cultural institutions, schools, youth groups",Artists and cultural practitioners can take an active creative role in involving local citizens in the process of sustainable transition and enhancing citizens’ political voice. ,
LS Culture,LS Community,"Artists and practitioners can take an active creative role in community engagement, outreach, and participation, building community and solidarity, involving local citizens in the process of change (a sustainable transition)","Artists and cultural practitioners can take an active creative role in community engagement, outreach, and participation, building solidarity and involving local citizens in the process of sustainable transition. ",
LS Culture,LS Education,"Cultural sector/practitioners are trusted partners in schools, can influence on sustainability through these networks

Can offer creative solutions to messaging and comms challenges",Artists and cultural practitioners can support the education system in developing culturally engaged and socially responsible young people.,
LS Culture,LS Mobility,,"The cultural sector may be able to leverage its influence to decarbonise the industry or change the ways cultural consumers travel to events, boosting methods of greener transport and sustainable mobility. ",
LS Culture,GE Air Pollution,"Cultural and tourist attractions that promote/invite travel could increase non-sustainable forms of transport e.g. flying
BUT
Cultural sector could perhaps leverage/influence change in the way cultural consumers travel to events and performances etc. to reduce use of polluting transport","Cultural events and attractions that bring many visitors to the city may contribute to  impacts such as air pollution, but the cultural sector may be able to leverage its influence to decarbonise the industry or change the ways cultural consumers travel to events. ",
LS Culture,GE Climate Change,Cultural sector can have a direct influence on decarbonisation through the tourism/travel/buildings associated with e.g. the music industry,"Cultural events and attractions that bring many visitors to the city may contribute to  impacts such as climate change, but the cultural sector may be able to leverage its influence to decarbonise the industry or change the ways cultural consumers travel to events.",
LS Education,LS Income and Work,"Setting up Glaswegians for fulfilling future jobs in sustainable industries, and supplying a wellbeing economy with a suitable workforce (child and adult education)",A well-planned and well-resourced education sector can support income and work through a sustainable pipeline into decent employment. ,
LS Education,LS Social Equity,"Decent, universal education for all can create shared opportunities and reduce social inequalities. Education is powerful tool for reducing economic and gender inequalities (is evidence for this more relevant for Global South?)",Decent universal education can create shared opportunities and reduce social inequalities. ,
LS Education,LS Equality in Diversity,Education is powerful tool for reducing economic and gender inequalities (is evidence for this more relevant for Global South?),Education can be powerful tool for reducing economic and gender inequalities.,
LS Education,LS Food,"School meals, school kitchens, teaching about food, can all be focussed on providing nutritious and low-carbon diets.

School meals for all ensure no child is too hungry to learn.",Schools meals can be used to provide and teach children about nutritious and low-carbon food.,
LS Education,LE Harvest Energy,Solar panels on school roofs etc.,School buildings can be good locations for solar panels to harvest energy. ,
LS Education,LE House Biodiversity,"Use education including outdoor learning to create local, engaged citizens who are involved in projects and activities that benefit the local environment e.g. rewilding, tree-planting","Education and outdoor learning can create local, engaged citizens who are involved in projects and activities that benefit the local environment e.g. rewilding, tree-planting, leading to greater biodiversity.",
LS Education,GE Biodiversity Loss,"More sustainable/diverse diets in schools could protect biodiversity (by preventing deforestation, overfishing etc.)",,leave out - more of a link via food that is already included.
LS Education,GS Education,"Networks, opening up universities to global students, sharing knowledge etc. can benefit educational opportunities for citizens worldwide",Developing global networks and opening up universities to global students can provide educational opportunities for students worldwide.,
LS Income and Work,LS Energy,Need income for energy,"Sufficient income allows citizens to afford essential goods and services such  energy.
",
LS Income and Work,LS Health,Good jobs are essential for good health,Decent work and sufficient income is essential for good health and wellbeing. ,
LS Income and Work,LS Social Equity,fair access to employment opportunities needed for all,"Accessible, inclusive work opportunities can support social equity.",
LS Income and Work,LS Culture,Cultural industries are potentially a good sustainable sector for job growth,Sustainable job growth in the culture industry can benefit both work and the environment. ,
LS Income and Work,LS Equality in Diversity,inclusive employment practices and opportunities can support this,"Accessible, inclusive work opportunities can support equality in diversity.",
LS Income and Work,LS Education,mutual relationship/synergy between education system and employment ,,"Leave out, as opposite direction: education leads to work?"
LS Income and Work,LS Water,need income to afford basic utilities,"Sufficient income allows citizens to afford essential goods and services such  water.
",
LS Income and Work,LS Food,need income to afford basic utilities,"Sufficient income allows citizens to afford essential goods and services such  food.
",
LS Income and Work,LS Housing,need income to afford housing,"Sufficient income allows citizens to afford essential goods and services such  housing.
",
LS Income and Work,LS Mobility,green public transport sector could create green jobs,,Sustainable job growth in the green transport sector can provide new work opportunities and also support the environment. ?leave out - link is to income and work not from?
LS Income and Work,LS Community,,Alternative business models such as social enterprises and cooperatives may foster a sense of community. ,
LS Income and Work,GE Air Pollution,many employment industries harmful for air pollution (e.g. through polluting travel/transport/tourism or mass production and consumption of short-life goods),A move away from work in consumption-based industries towards more sustainable industries will reduce emissions that cause air pollution.,
LS Income and Work,GE Ocean Acidification,overconsumption harmful here,A move away from work in consumption-based industries towards more sustainable industries will reduce green house gases emissions that cause ocean acidification.,
LS Income and Work,GE Climate Change,overconsumption harmful here,A move away from work in consumption-based industries towards more sustainable industries will reduce green house gases emissions that cause climate change.,
LS Income and Work,GE Land Conversion,overconsumption harmful here,A move away from work in consumption-based industries towards more sustainable or circular industries will reduce land conversion to extract raw materials.,
LS Income and Work,GE Chemical Pollution,waste from fast fashion etc. and other overconsumption patterns causes chemical and material pollution - often exported to other countries,A move away from work in consumption-based industries towards more sustainable or circular industries will reduce chemical pollution.,
LS Income and Work,GS Health,health of global workers in supply chains may be threatened by some of the working conditions e.g. in food or minerals that supply Glasgow,,? Leave out as indirect via GS work?
LS Income and Work,GS Income and Work,"poor working conditions for global workers likely in supply chains that feed Glasgow (e.g. forced labour, exploitation)",Glasgow industries can influence the working conditions of people worldwide by choosing responsible global supply chains.,
LS Income and Work,GS Social Equity,overconsumption in Glasgow is bad for global equity/justice,,?
LS Community,LS Health,"A strong sense of community and belonging, built through engagement (perhaps with family, friends, or volunteering) can combat loneliness and is good for health and wellbeing",A strong sense of community and belonging can combat loneliness and is good for health and wellbeing.,
LS Community,LS Political Voice,Cogoverning' communities (so mutual stewardship of the commons/volunteering in mutual benefit initiatives etc.) have enhanced democratic voice,Communities that ‘cogovern’ spaces and services for mutual benefit may also have an enhanced democratic and political voice.  ,
LS Energy,LS Income and Work,Can bring more green jobs and generate surplus incomes for communities (to then be further reinvested in local priorities),Creating renewable energy infrastructure locally may support income and work through sustainable job creation.,
LS Energy,LS Health,Improved provision of affordable renewable energy could improve thermal comfort for fuel-poor households and reduce associated ill-health,Affordable energy for all Glaswegians will reduce fuel poverty and  the health harms that come from living in cold and damp homes (e.g. respiratory conditions).  ,
LS Energy,LS Social Equity,"Can be more 'fair' and 'just' but not necessarily by default - there is a need to identify and prioritise capacity support for low-income, disadvantaged, or marginalised communities. With the right support, these initiatives could have a positive impact on social equity.",Affordable energy for all Glaswegians will reduce fuel poverty and improve social equity.,
LS Energy,LS Equality in Diversity,Opportunity to recruit/train more women and girls in the energy/tech sector,"The energy sector could provide opportunities to support equality in diversity, for example by recruiting more women and girls who are typically underrepresented in this sector. ",
LS Energy,LS Political Voice,"Increased stake in local services can be good for democracy and engagement/participation. Also community oversight of surplus funds to determine investments in line with local priorities = more democratic

More 'locally' owned energy (at all scales) reduces national dependence on external energy sources and strengthens political voice",Community owned and managed renewable energy projects may benefit political voice as citizens increase their democratic oversight and engagement.,
LS Energy,LS Community,"Can bring community together around a common interest, working towards a common goal.",Locally managed renewable energy project can engage communities and bring them together.,
LS Energy,LS Education,Opportunities to educate and upskill local populations in training for long-term sustainable jobs and community stewardship,Creating renewable energy infrastructure locally may provide valuable education and training for the green energy sector. ,
LS Energy,LS Connectivity,Decarbonising energy could make use/consumption of the internet more sustainable (but still issues with minerals etc),,?
LS Energy,LE Harvest Energy,More green energy initiatives = more opportunity and capacity to harvest renewable energy,,? Leave out - connection in opposite direction?
LS Energy,GE Air Pollution,Reduced burning of fossil fuels will improve global air quality,Decarbonisation of the energy sector will reduce air pollution associated with burning fossil fuels.,
LS Energy,GE Ocean Acidification,"Reduced burning of fossil fuels will lower CO2 emissions, reducing the contribution to ocean acidification",Decarbonisation of the energy sector will reduce greenhouse gas emissions and help to reduce ocean acidification.,
LS Energy,GE Climate Change,"Reduced burning of fossil fuels will lower CO2 emissions, reducing the contribution to climate change",Decarbonisation of the energy sector will reduce greenhouse gas emissions and help to reduce climate change.,
LS Energy,GE Chemical Pollution,increased demand for transition materials could have harmful material footprint,Demand for materials for development of renewable energy infrastructure (e.g. batteries) may increase chemical pollution.,
LS Energy,GS Peace and Justice,"Reducing climate change could reduce associated risks to safety and security for global populations, for example creating fewer climate refugees

Reduced reliance (and therefore tacit support of) dictators and autocrats supplying our oil and gas",More locally (or nationally) owned energy reduces dependence on external energy sources (e.g. from authoritarian regimes) supporting global peace and justice. ,
LS Energy,GS Health,Reducing climate change could reduce associated health harms e.g. heat-related deaths,,Leave out - connection via climate change
LS Energy,GS Income and Work,Jobs in materials needed for transition (e.g. solar PV global supply chains) could be unsafe/exploitative??,"Demand for materials for development of renewable energy infrastructure could create global income and work, but there is a risk of these being unsafe or exploitative roles.",
LS Energy,GS Social Equity,Global knowledge exchange,,?
LS Energy,GS Education,Global knowledge exchange,,?
LS Social Equity,LS Income and Work,Fewer/no citizens subsisting below the poverty line,Increased social equity may lead to improved and fairer outcomes for income and work. ,
LS Social Equity,LS Health,Lower social inequalities = lower health inequalities,Increased social equity may lead to improved and fairer outcomes for health. ,
LS Social Equity,LS Education,,Increased social equity may lead to improved and fairer outcomes for education. ,
LS Social Equity,LS Political Voice,Higher levels of equity/small inequalities result in higher levels of political engagement? (Segregation/isolation of poorer groups leads to lower levels of political participation among those groups),Increased social equity may result in better levels of democratic engagement and political voice. ,
LS Social Equity,LS Community,,Increased social equity may result in a better sense of community. ,
LS Social Equity,GE Climate Change,Inequality fuels climate change and climate change fuels inequality (reinforcing feedback loop) - this could be broken/reversed to become virtuous?,Inequality is known to drive and exacerbate climate change. Reversing this negative feedback loop could lead to mutual benefit for both social equity and climate outcomes. ,
LS Food,LS Income and Work,"Cost of food makes it a significant household bill.
More sustainable options are often more expensive.",,Leave out - this is a connection in opposite direction? I.e. income dictates food choices.
LS Food,LS Energy,Some food waste/biomass could be used in local/community clean energy production,Food waste/biomass could be used for local clean energy production.,
LS Food,LS Health,"Diet and nutrition have huge impact on health - currently big gaps in fruit and veg consumption etc. Good diets for all could reduce certain health problems including diabetes, CVD, obesity, tooth decay etc.","People's food choices have a huge impact on health, with nutritious, balanced diets helping to prevent diseases such as diabetes, stroke, and heart disease. ",
LS Food,LS Community,"Food growing initiatives, shared pantries, community kitchens etc. can strengthen community links","Initiatives such as local food growing, shared allotments, and community kitchens/pantries can bring people together and strengthen community ties. ",
LS Food,LS Social Equity,,Making healthy and sustainable food options affordable will support social equity by ensuring equal access opportunities.,
LS Food,LE House Biodiversity,"Allotments - small food growing could increase biodiversity

more biodiversity leads to more pollinators which are essential for food security - the benefits of this could also spill over into rural areas",Local food growing such as allotments can help increase biodiversity.,
LS Food,GE Biodiversity Loss,"More sustainable/diverse diets could protect biodiversity (by preventing deforestation, overfishing etc.)","More sustainable and diverse diets can help protect biodiversity (e.g. by not overfishing, preventing deforestation).",
LS Food,GE Climate Change,"More sustainable diets (e.g. more plant-based, reduced beef) reduce the contribution to climate change associated with current consumption",Eating diets that cause lower carbon emissions (e.g. more plant-based diets) can help reduce climate change.,
LS Food,GE Land Conversion,Plant-based diets require smaller amounts of land than those associated with animal/animal-product consumption,"Food production for plant-based diets is less intensive in terms of land usage, helping to prevent land conversion.",
LS Food,GE Fresh Water Withdrawal,"Plant-based diets require smaller amounts of water than those associated with animal/animal-product consumption
DEPENDING on the type of plant consumed (e.g. avocados need a lot of water?)","Food production for plant-based diets uses less water than meat production, helping to prevent freshwater withdrawals.",
LS Food,GS Food,"Not all plant-based foods are sustainable/ethical e.g. avocados, quinoa. Risk of Glasgow undermining food security elsewhere if changes to diets are not properly understood.","Changes to diets need to be properly understood to avoid undermining food security elsewhere through unsustainable food choices (e.g. avocados, quinoa are not sustainable food sources).",
LS Food,GS Income and Work,Need to consider working conditions and pay of those producing the food worldwide (farming/picking/packing) that feeds Glasgow,Glasgow's food imports need to consider the conditions (income and work) of people working in the global supply chains. ,
LS Water,LS Income and Work,Water bills?,,? Leave out?
LS Water,LE Store Carbon,"Adequate water reserves will support healthy plant growth, allowing more vegetation to store carbon","Adequate water reserves support nature, allowing plants to grow which then store carbon.",
LS Water,GE Fresh Water Withdrawal,Prevent too much fresh water withdrawal by conserving and reusing water where possible ,"Being more careful with water usage will improve water resilience, lessening the impact on freshwater withdrawal.",
LS Water,GE Chemical Pollution,Caution required if using grey water e.g. in gardens or agriculture - some risk of chemicals present in reused water sources,Responsible re-use of grey water in gardens or agriculture can reduce the risk of chemical pollution from reused water sources.,
LS Water,GS Water,Preventing over use of fresh water is part of global water justice approach/human rights approach to water - not using more than our fair share,"Preventing over use of fresh water locally is part of global human rights approach to water, by not using more than our fair share.",
LS Political Voice,LS Community,Citizens assemblies for more community engagement,Use of citizens' assemblies can encourage more community engagement.,
LS Political Voice,LS Equality in Diversity,,Inclusive processes of democracy could support equality in diversity.,
LS Peace and Justice,LS Equality in Diversity,A safer city with reduced violent crime may make women and girls or other marginalised groups feel more confident to participate in activities e.g. outdoor exercise,"A safer city with reduced violent crime may make women and girls or other marginalised groups feel more confident to participate activities, increasing equality in diversity. ",
LS Peace and Justice,LS Political Voice,A fair justice system that citizens have faith in is good for democracy and community,A fair justice system that citizens have faith in is good for democracy and supports political voice. ,
LS Peace and Justice,LS Community,A fair justice system that citizens have faith in is good for democracy and community,A fair justice system that citizens have faith in is good for community. ,
LS Peace and Justice,LS Mobility,Reduced rates of crime/threat of violence may make it feel safer or more appealing to use active travel,Reduced crime rates may make it feel safer to use active travel.,
LS Equality in Diversity,LS Political Voice,"All voices heard, including young voices, older voices, and Black and minority ethnic community voices - particularly outwith recognised 'diverse' areas",If all voices in society are properly heard and equally represented this may benefit political voice. ,
LS Equality in Diversity,LS Community,"All voices heard, including young voices, older voices, and Black and minority ethnic community voices - particularly outwith recognised 'diverse' areas",If all voices in society are properly heard and equally represented this may benefit community kinship. ,
LS Connectivity,LS Energy,Uses a lot of energy,"Widespread, near-constant use of the internet and processing of data uses a lot of energy.",
LS Connectivity,LS Income and Work,,"Universal access to fast, affordable internet may offer fairer access to employment (income and work) opportunities.",
LS Connectivity,LS Education,,"Universal access to fast, affordable internet may offer fairer access to education opportunities.",
LS Health,LS Income and Work,"Healthier populations are more likely to be in work, fewer people unemployed on long-term sick leave",Healthier Glaswegians will be better equipped to take up income and work opportunities.,
LS Health,LS Social Equity,,Smaller inequalities in health will improve social equity,
LS Health,LS Mobility,,"Having good physical health is an enabling factor for taking up active travel, thereby increasing mobility.",
LS Health,LS Community,,Having good physical health is an enabling factor for involvement in community activities and networks. ,
GE Climate Change,LS Food,"Climate change contributes to food insecurity, so interventions which reduce CC as an outcome may improve equitable access to food","Climate change contributes to food insecurity, so interventions which reduce climate change may improve equitable access to food.",
GE Climate Change,LE Store Carbon,"Transformed VDL sites are designed to store carbon, preventing CO2 from entering the atmosphere",,Leave out - direction is opposite effect
GE Climate Change,LE Cleanse the Air,Carbon Capture and Storage on previous VDL sites could improve local air quality (if sites are 'greened'),,Leave out - direction is opposite effect
GE Climate Change,LE Build and Protect Soil,Regenerating polluted VDL sites e.g. for biodiversity or urban food growing could replenish soil nutrients,,Leave out - direction is opposite effect
GE Climate Change,LE House Biodiversity,Reduced climate change could prevent attraction of invasive species - favoured by warming climate - more urban invasive species could spread to countryside and displace native species,Reducing climate change could prevent attraction of invasive species that favour a warmer climate. ,
GE Climate Change,GE Ocean Acidification,Reduced CO2 emissions from decarbonised sectors (e.g. transport and building) lessens impact on ocean acidification,Actions to reduce climate change by reducing carbon dioxide emissions will also reduce ocean acidification.,
GE Climate Change,GS Peace and Justice,"Reduced climate change will create fewer climate refugees, leaving more global citizens to live in peace and safety","Reducing climate change will create fewer climate refugees, leaving more global citizens to live in peace and safety.",
GE Climate Change,GS Food,"Climate change contributes to food insecurity, so interventions which reduce CC as an outcome may improve equitable access to food","Climate change contributes to food insecurity, so interventions which reduce climate change may improve equitable access to food.",
GE Air Pollution,LE House Biodiversity,Reduced Air Pollution will have positive impact on species abundance,Reducing air pollution will have positive impact on species abundance and biodiversity.,
GE Air Pollution,GE Biodiversity Loss,Reduced Air Pollution will have positive impact on species abundance,Reducing air pollution will have positive impact on species abundance and biodiversity.,
"GE Excessive Fertilizer use
",LS Income and Work,"If food supplies become scarce (consequence of nutrient runoff), they will become more expensive - action is therefore needed/desirable to prevent both",,leave out - indirect link via food
"GE Excessive Fertilizer use
",LS Water,"More biodiversity could protect local water supplies, meaning less of an impact during droughts etc. (e.g. hosepipe bans)",,leave out - no mention of fertilizer use
"GE Excessive Fertilizer use
",LS Food,Nutrient runoff from excessive fertiliser use threatens food stability and global food supply chains (including those that feed Glasgow),"Reducing nutrient runoff from excessive fertiliser use will improve food security, including supply chains that feed Glasgow. ",
"GE Excessive Fertilizer use
",LE Cycle Water,Cycling water will be more feasible without needing to contend with algal blooms etc. (from fertilizer runoff),Reducing nutrient runoff from excessive fertilizer use will make cycling water more feasible without needing to contend with algal blooms etc. ,
"GE Excessive Fertilizer use
",LE House Biodiversity,"Nutrient runoff kills biodiversity e.g. through decreased plant diversity, algal blooms. Reduced runoff will improve biodiversity.","Reducing nutrient runoff from excessive fertilizer use will improve biodiversity, e.g. by reducing algal blooms and species loss etc.",
"GE Excessive Fertilizer use
",GE Biodiversity Loss,"Nutrient runoff kills biodiversity e.g. through decreased plant diversity, algal blooms. Reduced runoff will improve biodiversity.","Reducing nutrient runoff from excessive fertilizer use will improve biodiversity, e.g. by reducing algal blooms and species loss etc.",
"GE Excessive Fertilizer use
",GE Fresh Water Withdrawal,More biodiversity could protect water reserves,,leave out - indirect link via biodiversity
"GE Excessive Fertilizer use
",GS Food,"Although fertilizer use in short term provides higher crop yields, reducing runoff to protect more diverse and sustainable food chains (e.g. fish) will improve long-term food security in vulnerable places",Reducing nutrient runoff from excessive fertiliser use will improve food stability by creating more diverse and sustainable food chains. ,
GE Land Conversion,LS Housing,Limiting land available for development may make construction of new (and/or affordable) housing difficult,Limiting land conversion may reduce the availability of land for  construction of new and affordable housing.,
GE Land Conversion,LE House Biodiversity,Reduced land conversion should lead to better protection and conservation of biodiverse habitats,Reduced land conversion will lead to better protection and conservation of biodiverse habitats.,
GE Land Conversion,GE Biodiversity Loss,Reduced land conversion should lead to better protection and conservation of biodiverse habitats,Reduced land conversion will lead to better protection and conservation of biodiverse habitats.,
GE Land Conversion,GS Health,"Deforestation and land use change are bad for health e.g. pathogens, so protecting land and preserving biodiversity will increase disease resilience","Deforestation and land conversion can lead to outbreaks of pathogens, so protecting land and preserving biodiversity will increase disease resilience.",
GE Land Conversion,GS Food,Preventing deforestation is good for protecting food security ,,leave out - not specific?
GE Chemical Pollution,LS Income and Work,"Likely will be winners and losers re. employment in a more circular economy. Could put some jobs and industries at risk e.g. fast fashion retail, but create jobs in recycling/waste management","Reducing chemical pollution may create jobs in industries such as recycling/waste management, but may put other industries at risk, e.g. fast fashion retail.",
GE Chemical Pollution,LS Social Equity,"Inequality needs to be specifically targeted by policy. Consumption must be reduced proportionally by the groups that currently consume the most, in order to address inequality. Currently poorest households have the smallest consumption footprint. ",,? Leave out - talks about consumption but not chemical pollution ?
GE Chemical Pollution,LS Community,"Sharing initiatives, mutual resources, collective libraries of things etc. can increase sense of solidarity between individuals, community, and their surrounding environment",,? Leave out: Not obvious link to chemical pollution
GE Chemical Pollution,GS Health,Reduced export of waste would reduce number of global citizens employed in dangerous/hazardous 'waste work' that poses risks to health,, ? Leave out - indirect link via work?
GE Chemical Pollution,GS Income and Work,"More circular practices could lead to reduced labour demand in supply chains that feed traditional linear economy models i.e. production of goods that are imported, consumed, discarded. Also those working in waste (1% of world's urban population toils in informal waste work). This could reduce work-related hazards but also threaten incomes for some.","More circular practices that reduce pollution could lead to reduced labour demand in supply chains that feed traditional linear economy models i.e. production of goods that are imported, consumed, discarded.",
GS Social Equity,GS Peace and Justice,Support peace and justice by not investing or profiting from harmful practices including those that fuel conflict or enable dictators/despots,Stopping investment in harmful practices and businesses that reduce social equity and fuel conflict can increase global peace and justice.,
GS Social Equity,GS Health,"If Glasgow does not fund or invest in harmful practices that may mean improved health and wellbeing for citizens worldwide (e.g. those harmed through climate breakdown, or in armed conflict and displacement)",,? Not sure about this link to health?
GS Social Equity,GS Income and Work,If Glasgow does not fund or invest in harmful practices that may mean fewer exploited  global workers,Stopping investment in harmful practices and businesses that reduce social equity will reduce exploitation in the global workforce.,
GS Food,LS Income and Work,"Responsibly sourced food ('fair food') is typically more expensive, and therefore potentially unaffordable for many of Glasgow's citizens","Sustainably grown and responsibly sourced food is typically more expensive, and therefore potentially unaffordable within the income of many Glasgow citizens.",
GS Food,LS Health,More plant-based diets have been shown to have health benefits e.g. cardiovascular,Moving to more sustainable plant-based food sources has been shown to have health benefits.,
GS Food,LS Social Equity,"Could have negative impact on social equity if these more globally responsible diets are not equitably available to all Glaswegians, or if they leave some citizens disproportionately poorer",Changing to more globally responsible diets and food sources may reduce social equity if they are not equitably available to all Glaswegians. ,
GS Food,LS Food,Could improve the quality of Glasgow's diets (if affordable/accessible) but otherwise might reduce choice and raise costs,"Changing to more globally responsible food sources could improve the quality of Glaswegian's diets if they are affordable and accessible, but may other reduce choice and increase costs.",
GS Food,LE Cycle Water,"More sustainable, organic, holistic farming and food production local to Glasgow can support better water conservation",More sustainable food production local to Glasgow can support better water conservation.,
GS Food,LE Build and Protect Soil,"More sustainable, organic, holistic farming and food production local to Glasgow can support better soil health and protection of soil nutrients",More sustainable food production local to Glasgow can support better soil health and protection of soil nutrients.,
GS Food,GE Biodiversity Loss,More responsible food production leading to reduced deforestation and land conversion and climate change and nutrient runoff etc. will protect global biodiversity and ecosystems,,"? Leave out: Indirect via land conversion, climate change and fertilizer use?"
GS Food,GE Climate Change,Less farming of livestock that cause large GHG emissions will reduce climate change (e.g. cattle),Reducing livestock farming that causes large greenhouse gas emissions will reduce climate change.,
GS Food,GE Land Conversion,Less intensive farming methods and more plant-based rather than livestock farming requires less land,Less intensive farming methods and more plant-based rather than livestock farming requires less land conversion.,
GS Food,GE Excessive Fertilizer Use,"Less excessive use of fertilizer, more organic farming methods etc. will reduce nutrient runoff and associated harms","Reducing fertilizer use in food growing, by promoting organic farming methods, will reduce nutrient runoff and associated harms.",
GS Food,GE Fresh Water Withdrawal,"Sustainable farming methods prioritise water conservation, so less fresh water withdrawals","Sustainable food production methods prioritise water conservation, reducing fresh water withdrawals.",
GS Food,GS Peace and Justice,Robust and sustainable food supplies can protect peace - hunger and famine can cause conflict and displacement,Robust and sustainable food supplies can protect peace by reducing the displacement and conflict caused by famine. ,
GS Food,GS Health,Ensuring adequate and nutritious diets are available for global populations will improve health and reduce illness/deaths caused by malnutrition etc.,Ensuring adequate and nutritious diets are available for global populations will improve health and reduce illness/deaths caused by malnutrition.,
GS Food,GS Food,Human rights approach to food will prioritise provision of regionally specific/integral foods to local populations e.g. quinoa,,? Leave out - interconnection to itself?
GS Food,GS Income and Work,"Will reduce the number of workers in Glasgow's supply chains that are underpaid and/or exploited.

Changes in demand may reduce global employment in food industries though, threatening existing incomes if not replaced with alternative/better jobs in food production.",Changes to more sustainable food production methods will change the types of work available in this industry.,
GS Food,GS Social Equity,"More responsible food imports to Glasgow will reduce pressure on food supplies for vulnerable global populations, improving equitable access to food worldwide","More responsible food imports to Glasgow will reduce pressure on food supplies for vulnerable global populations, improving equitable access to food worldwide.",
GS Food,GS Energy,"More sustainable and less intensive methods of farming will use less energy, thus conserving more for global populations",More sustainable and less intensive methods of food production will reduce global energy usage.,
GS Food,GS Water,"Less intensively grown, unsustainable crops/livestock that require a lot of water e.g. excessive demand for avocados, or beef, will improve water security for global populations in regions where Glasgow imports food from",More sustainable and less intensive methods of food production will reduce  water consumption and increase water security for global populations.,
GS Water,LS Income and Work,Employment industries in Glasgow e.g. retail/consumption of fast fashion may deplete global water supplies. Responsible global water consumption may therefore put certain jobs based in Glasgow at risk.,"Responsible global water consumption may put certain industries based in Glasgow at risk, e.g. retail/consumption of fast fashion.",
GS Water,GS Food,Water security = important for food security. Responsible water consumption in Glasgow could reduce threats of drought and famine globally.,Responsible water consumption in Glasgow could reduce food insecurity due to threats of drought and famine globally.,
GS Health,LS Health,Reduced recruitment of medical and care staff from countries that need them to stay may (initially) reduce the number of health workers available for Glasgow,,? Leave out - interconnection to itself?
GS Income and Work,LS Income and Work,Fair Trade practices in Glasgow's supply chains may mean the cost of goods imported to Glasgow are higher,,? Leave out - interconnection to itself?
GS Education,LS Education,Mutual education and exchange programmes and opportunities may offer reciprocal benefit and new perspectives to Glasgow students ,,? Leave out - interconnection to itself?
GS Education,GS Equality in Diversity,"Improved education for all may offer more opportunities for women/girls, improving gender equality outcomes","Improved education for all may offer more opportunities for women/girls, improving gender equality outcomes.",
GS Energy,LS Income and Work,"Supporting global energy justice through renewable innovation could offer new, sustainable job and education opportunities in Glasgow",Supporting global energy justice through renewable innovation could offer new sustainable work opportunities in Glasgow,
GS Energy,LS Education,"Supporting global energy justice through renewable innovation could offer now, sustainable job and education opportunities in Glasgow",Supporting global energy justice through renewable innovation could offer new education opportunities in Glasgow,